epoch (ms),time (-07:00),elapsed (s),X-Axis (°/s),Y-Axis (°/s),Z-Axis (°/s)
1533078186408,2018-07-31T16:03:06.408,0.000,0.427,2.134,-0.366
1533078186408,2018-07-31T16:03:06.408,0.000,0.488,1.951,-0.244
1533078186408,2018-07-31T16:03:06.408,0.000,-1.280,1.890,-0.366
1533078186528,2018-07-31T16:03:06.528,0.120,-1.768,1.951,-0.122
1533078186528,2018-07-31T16:03:06.528,0.120,1.768,2.500,-0.732
1533078186528,2018-07-31T16:03:06.528,0.120,0.000,2.256,-0.732
1533078186678,2018-07-31T16:03:06.678,0.270,-0.427,2.195,-0.427
1533078186678,2018-07-31T16:03:06.678,0.270,-0.244,2.256,-0.488
1533078186678,2018-07-31T16:03:06.678,0.270,-0.976,2.073,-0.488
1533078186828,2018-07-31T16:03:06.828,0.420,-10.671,-0.793,1.951
1533078186828,2018-07-31T16:03:06.828,0.420,-2.683,0.732,8.171
1533078186828,2018-07-31T16:03:06.828,0.420,0.305,1.951,9.390
1533078186918,2018-07-31T16:03:06.918,0.510,9.878,4.207,-0.610
1533078186918,2018-07-31T16:03:06.918,0.510,20.366,5.854,-2.012
1533078186918,2018-07-31T16:03:06.918,0.510,0.244,2.256,-0.427
1533078187038,2018-07-31T16:03:07.038,0.630,-0.305,2.134,-0.427
1533078187038,2018-07-31T16:03:07.038,0.630,7.134,3.415,-0.854
1533078187038,2018-07-31T16:03:07.038,0.630,9.390,4.207,-3.902
1533078187158,2018-07-31T16:03:07.158,0.750,-7.683,0.854,-1.341
1533078187158,2018-07-31T16:03:07.158,0.750,-8.049,0.488,-0.305
1533078187158,2018-07-31T16:03:07.158,0.750,2.317,2.744,-0.488
1533078187278,2018-07-31T16:03:07.278,0.870,-1.402,1.951,-0.671
1533078187278,2018-07-31T16:03:07.278,0.870,-0.427,2.073,-0.488
1533078187278,2018-07-31T16:03:07.278,0.870,-0.061,2.195,-0.549
1533078187398,2018-07-31T16:03:07.398,0.990,-0.244,2.195,-0.549
1533078187398,2018-07-31T16:03:07.398,0.990,-0.122,2.195,-0.549
1533078187398,2018-07-31T16:03:07.398,0.990,-0.305,2.195,-0.488
1533078187518,2018-07-31T16:03:07.518,1.110,-0.183,2.195,-0.549
1533078187518,2018-07-31T16:03:07.518,1.110,-0.122,2.195,-0.549
1533078187518,2018-07-31T16:03:07.518,1.110,-0.183,2.195,-0.549
1533078187638,2018-07-31T16:03:07.638,1.230,-0.305,2.256,-0.549
1533078187638,2018-07-31T16:03:07.638,1.230,-0.366,2.256,-0.488
1533078187638,2018-07-31T16:03:07.638,1.230,-2.622,1.829,-0.427
1533078187758,2018-07-31T16:03:07.758,1.350,0.183,2.256,-0.488
1533078187758,2018-07-31T16:03:07.758,1.350,-1.037,2.134,-0.732
1533078187758,2018-07-31T16:03:07.758,1.350,-1.707,2.134,-0.976
1533078187878,2018-07-31T16:03:07.878,1.470,-1.159,2.195,-1.646
1533078187878,2018-07-31T16:03:07.878,1.470,-0.183,2.073,-0.610
1533078187878,2018-07-31T16:03:07.878,1.470,-0.244,2.073,-0.366
1533078187998,2018-07-31T16:03:07.998,1.590,-0.244,2.195,-0.549
1533078187998,2018-07-31T16:03:07.998,1.590,-0.122,2.134,-0.427
1533078187998,2018-07-31T16:03:07.998,1.590,0.244,2.256,-0.488
1533078188118,2018-07-31T16:03:08.118,1.710,0.183,2.317,-0.610
1533078188118,2018-07-31T16:03:08.118,1.710,0.183,2.317,-0.549
1533078188118,2018-07-31T16:03:08.118,1.710,0.244,2.317,-0.488
1533078188238,2018-07-31T16:03:08.238,1.830,-0.488,2.195,-0.427
1533078188238,2018-07-31T16:03:08.238,1.830,-0.427,2.195,-0.549
1533078188238,2018-07-31T16:03:08.238,1.830,-0.366,2.195,-0.488
1533078188358,2018-07-31T16:03:08.358,1.950,-0.183,2.256,-0.549
1533078188358,2018-07-31T16:03:08.358,1.950,0.244,2.317,-0.610
1533078188358,2018-07-31T16:03:08.358,1.950,-0.061,2.317,-0.549
1533078188508,2018-07-31T16:03:08.508,2.100,-0.732,1.890,-1.159
1533078188508,2018-07-31T16:03:08.508,2.100,-0.305,2.134,-0.610
1533078188508,2018-07-31T16:03:08.508,2.100,-0.061,2.256,-0.488
1533078188628,2018-07-31T16:03:08.628,2.220,0.183,2.317,-0.610
1533078188628,2018-07-31T16:03:08.628,2.220,-0.183,2.195,-0.610
1533078188628,2018-07-31T16:03:08.628,2.220,0.122,2.256,-0.549
1533078188748,2018-07-31T16:03:08.748,2.340,-0.122,2.195,-0.549
1533078188748,2018-07-31T16:03:08.748,2.340,-0.427,2.012,-0.488
1533078188748,2018-07-31T16:03:08.748,2.340,-0.488,2.134,-0.427
1533078188868,2018-07-31T16:03:08.868,2.460,-0.061,2.317,-0.610
1533078188868,2018-07-31T16:03:08.868,2.460,5.732,4.207,-0.854
1533078188868,2018-07-31T16:03:08.868,2.460,54.146,-5.244,5.061
1533078188988,2018-07-31T16:03:08.988,2.580,43.780,-58.659,-29.329
1533078188988,2018-07-31T16:03:08.988,2.580,32.256,-94.573,-45.610
1533078188988,2018-07-31T16:03:08.988,2.580,24.329,-93.171,-0.793
1533078189108,2018-07-31T16:03:09.108,2.700,4.878,-16.098,22.012
1533078189108,2018-07-31T16:03:09.108,2.700,-29.878,34.329,1.037
1533078189108,2018-07-31T16:03:09.108,2.700,-58.780,86.159,23.598
1533078189228,2018-07-31T16:03:09.228,2.820,33.598,-7.500,2.195
1533078189228,2018-07-31T16:03:09.228,2.820,63.841,-140.854,14.573
1533078189228,2018-07-31T16:03:09.228,2.820,36.220,-70.915,21.951
1533078189348,2018-07-31T16:03:09.348,2.940,-33.598,21.402,-23.293
1533078189348,2018-07-31T16:03:09.348,2.940,-110.061,80.305,-7.805
1533078189348,2018-07-31T16:03:09.348,2.940,-43.537,145.793,46.890
1533078189468,2018-07-31T16:03:09.468,3.060,25.488,-37.195,-16.951
1533078189468,2018-07-31T16:03:09.468,3.060,99.146,-161.646,-16.280
1533078189468,2018-07-31T16:03:09.468,3.060,96.829,-53.659,26.159
1533078189588,2018-07-31T16:03:09.588,3.180,-15.549,28.902,-4.756
1533078189588,2018-07-31T16:03:09.588,3.180,-127.988,46.037,-16.707
1533078189588,2018-07-31T16:03:09.588,3.180,-72.256,181.037,57.988
1533078189708,2018-07-31T16:03:09.708,3.300,6.890,3.841,-0.976
1533078189708,2018-07-31T16:03:09.708,3.300,40.915,-168.963,-29.390
1533078189708,2018-07-31T16:03:09.708,3.300,50.183,-105.244,16.951
1533078189828,2018-07-31T16:03:09.828,3.420,13.598,14.451,12.927
1533078189828,2018-07-31T16:03:09.828,3.420,-60.915,45.549,-9.268
1533078189828,2018-07-31T16:03:09.828,3.420,-64.268,144.024,28.354
1533078189948,2018-07-31T16:03:09.948,3.540,-10.976,5.183,-5.610
1533078189948,2018-07-31T16:03:09.948,3.540,-4.329,-134.695,-5.122
1533078189948,2018-07-31T16:03:09.948,3.540,29.573,-90.244,26.829
1533078190068,2018-07-31T16:03:10.068,3.660,-34.390,-24.146,-11.280
1533078190068,2018-07-31T16:03:10.068,3.660,-189.634,-25.549,-121.159
1533078190068,2018-07-31T16:03:10.068,3.660,-220.000,-24.268,-221.220
1533078190188,2018-07-31T16:03:10.188,3.780,-140.000,-87.927,-123.780
1533078190188,2018-07-31T16:03:10.188,3.780,-124.390,-288.902,-14.939
1533078190188,2018-07-31T16:03:10.188,3.780,-150.305,-267.500,-39.207
1533078190338,2018-07-31T16:03:10.338,3.930,8.902,-9.207,-167.988
1533078190338,2018-07-31T16:03:10.338,3.930,-82.256,52.134,-277.561
1533078190338,2018-07-31T16:03:10.338,3.930,-326.280,-223.415,-101.768
1533078190458,2018-07-31T16:03:10.458,4.050,-192.622,-364.268,16.159
1533078190458,2018-07-31T16:03:10.458,4.050,76.098,73.720,-27.439
1533078190458,2018-07-31T16:03:10.458,4.050,294.146,206.829,-121.037
1533078190578,2018-07-31T16:03:10.578,4.170,-49.939,-96.159,7.683
1533078190578,2018-07-31T16:03:10.578,4.170,-287.500,-297.988,210.854
1533078190578,2018-07-31T16:03:10.578,4.170,345.061,217.683,34.207
1533078190699,2018-07-31T16:03:10.699,4.291,558.049,396.585,-279.512
1533078190699,2018-07-31T16:03:10.699,4.291,-192.561,-433.232,-180.122
1533078190699,2018-07-31T16:03:10.699,4.291,-352.256,-677.927,58.659
1533078190818,2018-07-31T16:03:10.818,4.410,139.573,32.256,44.695
1533078190818,2018-07-31T16:03:10.818,4.410,357.622,411.585,-353.110
1533078190818,2018-07-31T16:03:10.818,4.410,34.756,-38.902,-125.305
1533078190968,2018-07-31T16:03:10.968,4.560,-208.537,-311.890,298.780
1533078190968,2018-07-31T16:03:10.968,4.560,-70.488,-19.085,148.415
1533078190968,2018-07-31T16:03:10.968,4.560,222.500,322.012,-278.110
1533078191088,2018-07-31T16:03:11.088,4.680,69.573,70.549,-142.805
1533078191088,2018-07-31T16:03:11.088,4.680,-219.085,-296.280,260.854
1533078191088,2018-07-31T16:03:11.088,4.680,-276.951,-207.439,267.073
1533078191178,2018-07-31T16:03:11.178,4.770,107.378,322.439,-131.951
1533078191178,2018-07-31T16:03:11.178,4.770,134.268,380.915,-217.439
1533078191178,2018-07-31T16:03:11.178,4.770,-210.122,-203.963,132.500
1533078191298,2018-07-31T16:03:11.298,4.890,-355.549,-543.110,284.085
1533078191298,2018-07-31T16:03:11.298,4.890,87.073,-27.500,63.659
1533078191298,2018-07-31T16:03:11.298,4.890,498.659,451.646,-201.280
1533078191418,2018-07-31T16:03:11.418,5.010,14.817,15.366,-38.476
1533078191418,2018-07-31T16:03:11.418,5.010,-328.476,-345.122,196.341
1533078191418,2018-07-31T16:03:11.418,5.010,-64.207,-176.280,213.049
1533078191538,2018-07-31T16:03:11.538,5.130,219.024,170.366,105.000
1533078191538,2018-07-31T16:03:11.538,5.130,329.085,148.720,-36.646
1533078191538,2018-07-31T16:03:11.538,5.130,38.232,-48.415,-61.280
1533078191658,2018-07-31T16:03:11.658,5.250,-20.854,-67.195,54.268
1533078191658,2018-07-31T16:03:11.658,5.250,58.598,20.366,49.695
1533078191658,2018-07-31T16:03:11.658,5.250,101.463,72.866,16.951
1533078191778,2018-07-31T16:03:11.778,5.370,110.549,68.720,4.756
1533078191778,2018-07-31T16:03:11.778,5.370,180.122,99.146,-48.232
1533078191778,2018-07-31T16:03:11.778,5.370,79.024,203.963,13.476
1533078191898,2018-07-31T16:03:11.898,5.490,263.232,440.671,334.146
1533078191898,2018-07-31T16:03:11.898,5.490,307.500,638.720,284.878
1533078191898,2018-07-31T16:03:11.898,5.490,106.159,446.280,22.805
1533078192018,2018-07-31T16:03:12.018,5.610,-266.159,-47.378,-156.037
1533078192018,2018-07-31T16:03:12.018,5.610,191.890,23.110,-12.927
1533078192018,2018-07-31T16:03:12.018,5.610,-22.195,3.537,2.805
1533078192139,2018-07-31T16:03:12.139,5.731,-4.512,1.524,-1.402
1533078192139,2018-07-31T16:03:12.139,5.731,9.939,3.171,-0.549
1533078192139,2018-07-31T16:03:12.139,5.731,3.963,2.744,-0.488
1533078192288,2018-07-31T16:03:12.288,5.880,3.598,2.500,-0.549
1533078192288,2018-07-31T16:03:12.288,5.880,3.780,2.500,-0.549
1533078192288,2018-07-31T16:03:12.288,5.880,3.110,2.561,-0.549
1533078192408,2018-07-31T16:03:12.408,6.000,2.683,2.439,-0.488
1533078192408,2018-07-31T16:03:12.408,6.000,2.561,2.378,-0.488
1533078192408,2018-07-31T16:03:12.408,6.000,2.317,2.378,-0.549
1533078192528,2018-07-31T16:03:12.528,6.120,1.951,2.378,-0.549
1533078192528,2018-07-31T16:03:12.528,6.120,1.829,2.317,-0.549
1533078192528,2018-07-31T16:03:12.528,6.120,1.707,2.256,-0.549
1533078192648,2018-07-31T16:03:12.648,6.240,1.646,2.439,-0.488
1533078192648,2018-07-31T16:03:12.648,6.240,1.280,2.378,-0.488
1533078192648,2018-07-31T16:03:12.648,6.240,1.159,2.317,-0.488
1533078192768,2018-07-31T16:03:12.768,6.360,1.098,2.256,-0.488
1533078192768,2018-07-31T16:03:12.768,6.360,0.976,2.317,-0.488
1533078192768,2018-07-31T16:03:12.768,6.360,0.915,2.256,-0.549
1533078192888,2018-07-31T16:03:12.888,6.480,0.854,2.256,-0.488
1533078192888,2018-07-31T16:03:12.888,6.480,0.671,2.195,-0.488
1533078192888,2018-07-31T16:03:12.888,6.480,0.610,2.195,-0.488
1533078193008,2018-07-31T16:03:13.008,6.600,0.671,2.195,-0.488
1533078193008,2018-07-31T16:03:13.008,6.600,0.610,2.195,-0.488
1533078193008,2018-07-31T16:03:13.008,6.600,0.488,2.195,-0.488
1533078193129,2018-07-31T16:03:13.129,6.721,0.427,2.256,-0.488
1533078193129,2018-07-31T16:03:13.129,6.721,0.488,2.256,-0.427
1533078193129,2018-07-31T16:03:13.129,6.721,0.488,2.317,-0.427
1533078193248,2018-07-31T16:03:13.248,6.840,0.488,2.378,-0.427
1533078193248,2018-07-31T16:03:13.248,6.840,0.305,2.317,-0.366
1533078193248,2018-07-31T16:03:13.248,6.840,0.305,2.195,-0.549
1533078193368,2018-07-31T16:03:13.368,6.960,0.427,2.195,-0.549
1533078193368,2018-07-31T16:03:13.368,6.960,0.244,2.256,-0.488
1533078193368,2018-07-31T16:03:13.368,6.960,0.061,2.256,-0.488
1533078193488,2018-07-31T16:03:13.488,7.080,0.183,2.195,-0.549
1533078193488,2018-07-31T16:03:13.488,7.080,0.244,2.195,-0.549
1533078193488,2018-07-31T16:03:13.488,7.080,0.061,2.195,-0.488
1533078193609,2018-07-31T16:03:13.609,7.201,0.000,2.195,-0.488
1533078193609,2018-07-31T16:03:13.609,7.201,0.183,2.073,-0.488
1533078193609,2018-07-31T16:03:13.609,7.201,0.122,2.134,-0.488
1533078193728,2018-07-31T16:03:13.728,7.320,-0.061,2.256,-0.488
1533078193728,2018-07-31T16:03:13.728,7.320,0.000,2.256,-0.488
1533078193728,2018-07-31T16:03:13.728,7.320,0.000,2.134,-0.549
1533078193848,2018-07-31T16:03:13.848,7.440,-0.061,2.195,-0.549
1533078193848,2018-07-31T16:03:13.848,7.440,-0.061,2.195,-0.488
1533078193848,2018-07-31T16:03:13.848,7.440,-0.061,2.195,-0.549
1533078193968,2018-07-31T16:03:13.968,7.560,-0.061,2.134,-0.488
1533078193968,2018-07-31T16:03:13.968,7.560,0.000,2.195,-0.488
1533078193968,2018-07-31T16:03:13.968,7.560,-0.061,2.256,-0.488
1533078194118,2018-07-31T16:03:14.118,7.710,-0.122,2.134,-0.549
1533078194118,2018-07-31T16:03:14.118,7.710,-0.061,2.073,-0.549
1533078194118,2018-07-31T16:03:14.118,7.710,-0.061,2.134,-0.488
1533078194238,2018-07-31T16:03:14.238,7.830,-0.183,2.195,-0.488
1533078194238,2018-07-31T16:03:14.238,7.830,-0.183,2.195,-0.488
1533078194238,2018-07-31T16:03:14.238,7.830,-0.122,2.195,-0.549
1533078194358,2018-07-31T16:03:14.358,7.950,-0.122,2.073,-0.549
1533078194358,2018-07-31T16:03:14.358,7.950,-0.244,2.134,-0.549
1533078194358,2018-07-31T16:03:14.358,7.950,-0.122,2.134,-0.549
1533078194478,2018-07-31T16:03:14.478,8.070,-0.122,2.073,-0.488
1533078194478,2018-07-31T16:03:14.478,8.070,-0.183,2.134,-0.488
1533078194478,2018-07-31T16:03:14.478,8.070,-0.183,2.256,-0.488
1533078194598,2018-07-31T16:03:14.598,8.190,-0.183,2.134,-0.549
1533078194598,2018-07-31T16:03:14.598,8.190,-0.183,2.134,-0.549
1533078194598,2018-07-31T16:03:14.598,8.190,-0.122,2.134,-0.549
1533078194718,2018-07-31T16:03:14.718,8.310,-0.183,2.134,-0.549
1533078194718,2018-07-31T16:03:14.718,8.310,-0.305,2.195,-0.488
1533078194718,2018-07-31T16:03:14.718,8.310,-0.183,2.195,-0.488
1533078194838,2018-07-31T16:03:14.838,8.430,-0.183,2.195,-0.549
1533078194838,2018-07-31T16:03:14.838,8.430,-0.305,2.195,-0.549
1533078194838,2018-07-31T16:03:14.838,8.430,-0.244,2.195,-0.488
1533078194958,2018-07-31T16:03:14.958,8.550,-0.183,2.134,-0.488
1533078194958,2018-07-31T16:03:14.958,8.550,-0.244,2.134,-0.549
1533078194958,2018-07-31T16:03:14.958,8.550,-0.244,2.195,-0.549
1533078195078,2018-07-31T16:03:15.078,8.670,-0.244,2.195,-0.488
1533078195078,2018-07-31T16:03:15.078,8.670,-0.305,2.073,-0.488
1533078195078,2018-07-31T16:03:15.078,8.670,-0.305,2.073,-0.549
1533078195198,2018-07-31T16:03:15.198,8.790,-0.244,2.134,-0.488
1533078195198,2018-07-31T16:03:15.198,8.790,-0.305,2.134,-0.549
1533078195198,2018-07-31T16:03:15.198,8.790,-0.305,2.195,-0.488
1533078195318,2018-07-31T16:03:15.318,8.910,-0.305,2.195,-0.488
1533078195318,2018-07-31T16:03:15.318,8.910,-0.305,2.134,-0.488
1533078195318,2018-07-31T16:03:15.318,8.910,-0.366,2.195,-0.488
1533078195439,2018-07-31T16:03:15.439,9.031,-0.305,2.134,-0.488
1533078195439,2018-07-31T16:03:15.439,9.031,-0.244,2.134,-0.488
1533078195439,2018-07-31T16:03:15.439,9.031,-0.305,2.134,-0.488
1533078195558,2018-07-31T16:03:15.558,9.150,-0.305,2.195,-0.488
1533078195558,2018-07-31T16:03:15.558,9.150,-0.244,2.195,-0.488
1533078195558,2018-07-31T16:03:15.558,9.150,-0.305,2.134,-0.488
1533078195678,2018-07-31T16:03:15.678,9.270,-0.366,2.195,-0.549
1533078195678,2018-07-31T16:03:15.678,9.270,-0.244,2.195,-0.549
1533078195678,2018-07-31T16:03:15.678,9.270,-0.305,2.134,-0.549
1533078195798,2018-07-31T16:03:15.798,9.390,-0.305,2.134,-0.549
1533078195798,2018-07-31T16:03:15.798,9.390,-0.305,2.195,-0.488
1533078195798,2018-07-31T16:03:15.798,9.390,-0.244,2.134,-0.488
1533078195948,2018-07-31T16:03:15.948,9.540,-0.366,2.134,-0.488
1533078195948,2018-07-31T16:03:15.948,9.540,-0.366,2.134,-0.488
1533078195948,2018-07-31T16:03:15.948,9.540,-0.305,2.195,-0.488
1533078196068,2018-07-31T16:03:16.068,9.660,-0.244,2.134,-0.549
1533078196068,2018-07-31T16:03:16.068,9.660,-0.366,2.134,-0.488
1533078196068,2018-07-31T16:03:16.068,9.660,-0.366,2.195,-0.488
1533078196188,2018-07-31T16:03:16.188,9.780,-0.305,2.195,-0.488
1533078196188,2018-07-31T16:03:16.188,9.780,-0.305,2.134,-0.488
1533078196188,2018-07-31T16:03:16.188,9.780,-0.366,2.134,-0.549
1533078196308,2018-07-31T16:03:16.308,9.900,-0.427,2.195,-0.488
1533078196308,2018-07-31T16:03:16.308,9.900,-0.305,2.134,-0.488
1533078196308,2018-07-31T16:03:16.308,9.900,-0.366,2.134,-0.488
1533078196428,2018-07-31T16:03:16.428,10.020,-0.305,2.195,-0.549
1533078196428,2018-07-31T16:03:16.428,10.020,-0.305,2.195,-0.549
1533078196428,2018-07-31T16:03:16.428,10.020,-0.305,2.195,-0.549
1533078196548,2018-07-31T16:03:16.548,10.140,-0.366,2.134,-0.549
1533078196548,2018-07-31T16:03:16.548,10.140,-0.366,2.134,-0.549
1533078196548,2018-07-31T16:03:16.548,10.140,-0.305,2.134,-0.549
1533078196668,2018-07-31T16:03:16.668,10.260,-0.366,2.134,-0.549
1533078196668,2018-07-31T16:03:16.668,10.260,-0.366,2.195,-0.488
1533078196668,2018-07-31T16:03:16.668,10.260,-0.305,2.195,-0.549
1533078196788,2018-07-31T16:03:16.788,10.380,-0.305,2.134,-0.488
1533078196788,2018-07-31T16:03:16.788,10.380,-0.366,2.134,-0.488
1533078196788,2018-07-31T16:03:16.788,10.380,-0.366,2.134,-0.488
1533078196908,2018-07-31T16:03:16.908,10.500,-0.366,2.134,-0.488
1533078196908,2018-07-31T16:03:16.908,10.500,-0.427,2.134,-0.488
1533078196908,2018-07-31T16:03:16.908,10.500,-0.366,2.195,-0.549
1533078197028,2018-07-31T16:03:17.028,10.620,-0.305,2.134,-0.549
1533078197028,2018-07-31T16:03:17.028,10.620,-0.366,2.134,-0.488
1533078197028,2018-07-31T16:03:17.028,10.620,-0.366,2.134,-0.549
1533078197149,2018-07-31T16:03:17.149,10.741,-0.366,2.134,-0.549
1533078197149,2018-07-31T16:03:17.149,10.741,-0.366,2.073,-0.488
1533078197149,2018-07-31T16:03:17.149,10.741,-0.305,2.134,-0.488
1533078197268,2018-07-31T16:03:17.268,10.860,-0.366,2.195,-0.488
1533078197268,2018-07-31T16:03:17.268,10.860,-0.366,2.134,-0.488
1533078197268,2018-07-31T16:03:17.268,10.860,-0.366,2.134,-0.549
1533078197388,2018-07-31T16:03:17.388,10.980,-0.549,2.073,-0.549
1533078197388,2018-07-31T16:03:17.388,10.980,-0.427,1.951,-0.549
1533078197388,2018-07-31T16:03:17.388,10.980,-0.488,1.951,-0.610
1533078197508,2018-07-31T16:03:17.508,11.100,-0.305,2.012,-0.610
1533078197508,2018-07-31T16:03:17.508,11.100,-0.305,2.012,-0.549
1533078197508,2018-07-31T16:03:17.508,11.100,-0.427,2.073,-0.549
1533078197628,2018-07-31T16:03:17.628,11.220,-0.427,2.134,-0.549
1533078197628,2018-07-31T16:03:17.628,11.220,-0.366,2.195,-0.488
1533078197628,2018-07-31T16:03:17.628,11.220,-0.366,2.073,-0.549
1533078197778,2018-07-31T16:03:17.778,11.370,-0.427,2.012,-0.549
1533078197778,2018-07-31T16:03:17.778,11.370,-0.488,2.012,-0.549
1533078197778,2018-07-31T16:03:17.778,11.370,-0.366,1.890,-0.549
1533078197928,2018-07-31T16:03:17.928,11.520,53.354,-3.293,6.463
1533078197928,2018-07-31T16:03:17.928,11.520,77.561,16.890,-52.195
1533078197928,2018-07-31T16:03:17.928,11.520,39.268,-34.573,36.402
1533078198018,2018-07-31T16:03:18.018,11.610,-51.890,-116.402,-26.341
1533078198018,2018-07-31T16:03:18.018,11.610,-10.000,-147.622,-31.585
1533078198018,2018-07-31T16:03:18.018,11.610,17.927,-153.110,53.598
1533078198138,2018-07-31T16:03:18.138,11.730,-120.305,-116.829,54.939
1533078198138,2018-07-31T16:03:18.138,11.730,-298.963,-63.171,2.439
1533078198138,2018-07-31T16:03:18.138,11.730,-370.854,-52.561,55.061
1533078198258,2018-07-31T16:03:18.258,11.850,-186.341,-22.317,94.939
1533078198258,2018-07-31T16:03:18.258,11.850,-0.183,32.195,-91.951
1533078198258,2018-07-31T16:03:18.258,11.850,34.329,-38.415,-216.341
1533078198378,2018-07-31T16:03:18.378,11.970,45.061,-129.207,-261.402
1533078198378,2018-07-31T16:03:18.378,11.970,87.317,-90.915,-91.951
1533078198378,2018-07-31T16:03:18.378,11.970,-72.195,-52.378,3.902
1533078198498,2018-07-31T16:03:18.498,12.090,-21.829,-18.415,-16.098
1533078198498,2018-07-31T16:03:18.498,12.090,42.195,47.195,4.207
1533078198498,2018-07-31T16:03:18.498,12.090,62.073,36.159,-11.646
1533078198618,2018-07-31T16:03:18.618,12.210,18.476,16.524,-83.598
1533078198618,2018-07-31T16:03:18.618,12.210,-15.793,17.073,-64.024
1533078198618,2018-07-31T16:03:18.618,12.210,3.232,25.244,-11.341
1533078198739,2018-07-31T16:03:18.739,12.331,29.512,43.720,4.451
1533078198739,2018-07-31T16:03:18.739,12.331,11.402,36.524,-15.854
1533078198739,2018-07-31T16:03:18.739,12.331,37.988,-2.683,-17.317
1533078198858,2018-07-31T16:03:18.858,12.450,16.524,-16.098,-2.927
1533078198858,2018-07-31T16:03:18.858,12.450,4.085,22.805,36.585
1533078198858,2018-07-31T16:03:18.858,12.450,-9.634,15.976,36.829
1533078198978,2018-07-31T16:03:18.978,12.570,-1.341,12.561,45.488
1533078198978,2018-07-31T16:03:18.978,12.570,2.622,9.329,55.488
1533078198978,2018-07-31T16:03:18.978,12.570,4.451,20.427,29.329
1533078199098,2018-07-31T16:03:19.098,12.690,6.768,28.720,17.073
1533078199098,2018-07-31T16:03:19.098,12.690,10.244,23.293,18.841
1533078199098,2018-07-31T16:03:19.098,12.690,6.768,23.476,25.305
1533078199218,2018-07-31T16:03:19.218,12.810,-10.305,7.256,11.098
1533078199218,2018-07-31T16:03:19.218,12.810,-10.793,7.500,1.707
1533078199218,2018-07-31T16:03:19.218,12.810,4.512,13.963,7.134
1533078199368,2018-07-31T16:03:19.368,12.960,9.451,13.415,10.976
1533078199368,2018-07-31T16:03:19.368,12.960,22.073,17.622,33.537
1533078199368,2018-07-31T16:03:19.368,12.960,32.866,7.195,62.500
1533078199458,2018-07-31T16:03:19.458,13.050,6.646,-2.927,34.451
1533078199458,2018-07-31T16:03:19.458,13.050,-28.659,2.805,3.659
1533078199458,2018-07-31T16:03:19.458,13.050,-89.207,6.280,11.159
1533078199578,2018-07-31T16:03:19.578,13.170,-102.256,-9.939,4.634
1533078199578,2018-07-31T16:03:19.578,13.170,30.732,23.963,22.256
1533078199578,2018-07-31T16:03:19.578,13.170,89.939,59.878,7.378
1533078199728,2018-07-31T16:03:19.728,13.320,70.915,16.524,-7.683
1533078199728,2018-07-31T16:03:19.728,13.320,62.927,-8.720,-5.610
1533078199728,2018-07-31T16:03:19.728,13.320,83.476,47.927,-9.939
1533078199848,2018-07-31T16:03:19.848,13.440,83.537,35.549,9.451
1533078199848,2018-07-31T16:03:19.848,13.440,122.439,39.512,28.720
1533078199848,2018-07-31T16:03:19.848,13.440,78.049,9.878,38.963
1533078199968,2018-07-31T16:03:19.968,13.560,73.110,1.463,60.122
1533078199968,2018-07-31T16:03:19.968,13.560,48.841,22.073,47.439
1533078199968,2018-07-31T16:03:19.968,13.560,51.037,47.317,2.256
1533078200088,2018-07-31T16:03:20.088,13.680,46.280,47.622,15.793
1533078200088,2018-07-31T16:03:20.088,13.680,31.646,14.878,17.622
1533078200088,2018-07-31T16:03:20.088,13.680,69.878,5.183,-4.756
1533078200208,2018-07-31T16:03:20.208,13.800,64.085,18.110,-17.134
1533078200208,2018-07-31T16:03:20.208,13.800,26.951,29.146,-11.098
1533078200208,2018-07-31T16:03:20.208,13.800,26.707,23.354,-8.293
1533078200328,2018-07-31T16:03:20.328,13.920,61.890,10.488,-3.415
1533078200328,2018-07-31T16:03:20.328,13.920,5.000,6.280,-21.829
1533078200328,2018-07-31T16:03:20.328,13.920,-21.098,6.707,-31.829
1533078200448,2018-07-31T16:03:20.448,14.040,-2.134,31.585,-24.634
1533078200448,2018-07-31T16:03:20.448,14.040,-12.866,10.671,-25.732
1533078200448,2018-07-31T16:03:20.448,14.040,10.976,0.793,-21.829
1533078200568,2018-07-31T16:03:20.568,14.160,37.561,16.159,7.622
1533078200568,2018-07-31T16:03:20.568,14.160,51.037,57.378,14.695
1533078200568,2018-07-31T16:03:20.568,14.160,55.671,71.585,-13.902
1533078200689,2018-07-31T16:03:20.689,14.281,38.171,19.878,-18.780
1533078200689,2018-07-31T16:03:20.689,14.281,35.305,38.659,-12.195
1533078200689,2018-07-31T16:03:20.689,14.281,39.512,81.890,-37.744
1533078200808,2018-07-31T16:03:20.808,14.400,115.000,102.134,-55.305
1533078200808,2018-07-31T16:03:20.808,14.400,368.171,230.610,0.488
1533078200808,2018-07-31T16:03:20.808,14.400,451.402,309.878,74.573
1533078200928,2018-07-31T16:03:20.928,14.520,316.341,239.573,64.451
1533078200928,2018-07-31T16:03:20.928,14.520,235.610,165.854,19.329
1533078200928,2018-07-31T16:03:20.928,14.520,202.622,105.976,-34.939
1533078201048,2018-07-31T16:03:21.048,14.640,198.537,84.634,-60.244
1533078201048,2018-07-31T16:03:21.048,14.640,151.890,164.024,-38.598
1533078201048,2018-07-31T16:03:21.048,14.640,160.366,218.902,63.293
1533078201168,2018-07-31T16:03:21.168,14.760,226.341,406.341,115.244
1533078201168,2018-07-31T16:03:21.168,14.760,187.622,238.780,59.512
1533078201168,2018-07-31T16:03:21.168,14.760,196.220,107.073,71.159
1533078201288,2018-07-31T16:03:21.288,14.880,154.878,100.244,10.000
1533078201288,2018-07-31T16:03:21.288,14.880,147.988,132.988,-85.854
1533078201288,2018-07-31T16:03:21.288,14.880,197.988,157.866,-126.829
1533078201408,2018-07-31T16:03:21.408,15.000,150.488,118.293,-76.402
1533078201408,2018-07-31T16:03:21.408,15.000,76.037,77.073,-55.610
1533078201408,2018-07-31T16:03:21.408,15.000,-42.622,12.561,-0.671
1533078201558,2018-07-31T16:03:21.558,15.150,-253.780,-123.049,93.963
1533078201558,2018-07-31T16:03:21.558,15.150,-539.939,-247.012,53.598
1533078201558,2018-07-31T16:03:21.558,15.150,-697.988,-346.037,-23.293
1533078201678,2018-07-31T16:03:21.678,15.270,-520.488,-342.866,-33.902
1533078201678,2018-07-31T16:03:21.678,15.270,-540.244,-321.768,-21.098
1533078201678,2018-07-31T16:03:21.678,15.270,-481.829,-281.463,-36.890
1533078201798,2018-07-31T16:03:21.798,15.390,-406.098,-170.244,-30.427
1533078201798,2018-07-31T16:03:21.798,15.390,-407.683,-121.280,-43.049
1533078201798,2018-07-31T16:03:21.798,15.390,-315.427,-46.280,-64.085
1533078201918,2018-07-31T16:03:21.918,15.510,-274.756,14.268,-115.854
1533078201918,2018-07-31T16:03:21.918,15.510,-137.561,-12.073,-155.122
1533078201918,2018-07-31T16:03:21.918,15.510,-28.598,-64.451,-200.671
1533078202039,2018-07-31T16:03:22.039,15.631,-203.110,-64.024,-166.159
1533078202039,2018-07-31T16:03:22.039,15.631,-73.902,168.415,25.122
1533078202039,2018-07-31T16:03:22.039,15.631,100.122,211.463,106.220
1533078202158,2018-07-31T16:03:22.158,15.750,52.683,63.110,71.037
1533078202158,2018-07-31T16:03:22.158,15.750,6.463,70.427,-10.427
1533078202158,2018-07-31T16:03:22.158,15.750,-7.927,123.110,-64.146
1533078202278,2018-07-31T16:03:22.278,15.870,-18.780,-29.268,-42.561
1533078202278,2018-07-31T16:03:22.278,15.870,3.232,-2.195,47.134
1533078202278,2018-07-31T16:03:22.278,15.870,14.207,7.927,22.622
1533078202398,2018-07-31T16:03:22.398,15.990,-0.549,0.610,-7.927
1533078202398,2018-07-31T16:03:22.398,15.990,-4.756,1.951,-0.671
1533078202398,2018-07-31T16:03:22.398,15.990,-2.744,2.500,0.183
1533078202518,2018-07-31T16:03:22.518,16.110,-2.317,2.256,-0.549
1533078202518,2018-07-31T16:03:22.518,16.110,-2.378,2.256,-0.488
1533078202518,2018-07-31T16:03:22.518,16.110,-2.134,2.439,-0.427
1533078202639,2018-07-31T16:03:22.639,16.231,-1.768,2.439,-0.427
1533078202639,2018-07-31T16:03:22.639,16.231,-1.768,2.378,-0.427
1533078202639,2018-07-31T16:03:22.639,16.231,-1.646,2.378,-0.427
1533078202759,2018-07-31T16:03:22.759,16.351,-1.524,2.317,-0.488
1533078202759,2018-07-31T16:03:22.759,16.351,-1.524,2.256,-0.549
1533078202759,2018-07-31T16:03:22.759,16.351,-1.585,2.256,-0.488